City_ID,City,Country,Lat,Lng,Max Temp,Humidity,Cloudiness,Wind Speed,Current Description
0,Klaksvik,FO,62.2266,-6.589,50.92,88,99,13.82,overcast clouds
1,Sao Joao Da Barra,BR,-21.6403,-41.0511,70.14,86,62,19.01,broken clouds
2,Vila Velha,BR,-20.3297,-40.2925,66.94,94,70,8.12,broken clouds
3,Upernavik,GL,72.7868,-56.1549,46.22,65,9,2.37,clear sky
4,Melilla,ES,35.2937,-2.9383,75.58,88,75,2.3,broken clouds
5,Punta Arenas,CL,-53.15,-70.9167,24.91,86,40,13.8,scattered clouds
6,Laguna,US,38.421,-121.4238,81.34,45,0,7.43,clear sky
7,Ponta Do Sol,PT,32.6667,-17.1,68.72,81,9,2.01,clear sky
8,Lebu,CL,-37.6167,-73.65,43.09,85,19,3.2,few clouds
9,Chokurdakh,RU,70.6333,147.9167,53.38,58,98,10.18,overcast clouds
10,Tasiilaq,GL,65.6145,-37.6368,41.27,78,100,5.14,overcast clouds
11,Chernyshevskiy,RU,63.0128,112.4714,56.5,99,100,8.9,heavy intensity rain
12,Bredasdorp,ZA,-34.5322,20.0403,50.25,85,64,4.97,broken clouds
13,Avarua,CK,-21.2078,-159.775,73.45,73,40,10.36,scattered clouds
14,Trinidad,BO,-14.8333,-64.9,79.63,63,100,4.56,overcast clouds
15,Raymond,US,43.9015,-70.4703,63.41,84,21,2.51,few clouds
16,Ahvaz,IR,31.3203,48.6693,94.95,49,0,4.61,clear sky
17,Castro,BR,-24.7911,-50.0119,64.08,54,100,8.08,overcast clouds
18,Gurupi,BR,-11.7292,-49.0686,74.17,41,4,5.64,clear sky
19,Airai,TL,-8.9266,125.4092,70.11,52,99,3.58,overcast clouds
20,Bang Saphan,TH,11.2126,99.5117,81.52,80,100,8.23,light rain
21,Jamestown,US,42.097,-79.2353,63.01,75,100,2.82,overcast clouds
22,Rikitea,PF,-23.1203,-134.9692,69.08,81,100,11.12,light rain
23,Atuona,PF,-9.8,-139.0333,77.49,73,11,12.86,few clouds
24,Esperance,AU,-33.8667,121.9,60.13,66,100,14.2,overcast clouds
25,Aranos,NA,-24.1333,19.1167,48.88,35,0,11.74,clear sky
26,East London,ZA,-33.0153,27.9116,50.94,87,0,5.75,clear sky
27,Sabha,LY,27.0377,14.4283,74.84,31,0,10.38,clear sky
28,Nadvoitsy,RU,63.8667,34.3167,56.84,87,100,5.23,overcast clouds
29,Vila Franca Do Campo,PT,37.7167,-25.4333,70.2,93,43,9.22,scattered clouds
30,Norman Wells,CA,65.282,-126.8329,56.71,66,100,8.21,overcast clouds
31,Verkhnevilyuysk,RU,63.4453,120.3167,75.45,71,100,10.71,overcast clouds
32,Meulaboh,ID,4.1363,96.1285,85.39,65,44,3.8,scattered clouds
33,Fortuna,US,40.5982,-124.1573,60.66,89,100,5.06,overcast clouds
34,Pevek,RU,69.7008,170.3133,39.61,67,64,3.62,broken clouds
35,Albany,US,42.6001,-73.9662,64.78,76,84,2.26,broken clouds
36,Morales,CO,2.757,-76.6172,60.22,97,98,1.68,overcast clouds
37,Yellowknife,CA,62.456,-114.3525,59.61,59,71,7.99,broken clouds
38,Cape Town,ZA,-33.9258,18.4232,60.12,79,0,4.61,clear sky
39,Yershichi,RU,53.6725,32.7542,56.16,88,8,7.09,clear sky
40,Acatic,MX,20.7833,-102.8833,65.75,92,97,2.26,overcast clouds
41,Ushuaia,AR,-54.8,-68.3,35.26,55,20,14.97,few clouds
42,Bara,NG,10.3744,10.7288,72.48,87,97,4.12,overcast clouds
43,Comodoro Rivadavia,AR,-45.8667,-67.5,36.73,70,40,6.71,scattered clouds
44,Aswan,EG,24.0934,32.907,85.37,26,47,13.04,scattered clouds
45,Mandalgovi,MN,45.7625,106.2708,69.37,43,0,15.26,clear sky
46,Ilulissat,GL,69.2167,-51.1,39.22,93,100,2.3,fog
47,Hithadhoo,MV,-0.6,73.0833,83.41,75,55,12.08,light rain
48,Lorengau,PG,-2.0226,147.2712,84.2,69,43,10.42,scattered clouds
49,Iguape,BR,-24.7081,-47.5553,66.65,73,81,4.07,broken clouds
50,San Miguelito,PA,9.0333,-79.5,78.55,86,75,1.14,broken clouds
51,Kargasok,RU,59.0556,80.8572,69.67,47,20,5.19,few clouds
52,Qaanaaq,GL,77.484,-69.3632,50.86,59,73,7.7,broken clouds
53,Potters Bar,GB,51.6935,-0.1784,59.45,84,69,1.99,broken clouds
54,Thinadhoo,MV,0.5333,72.9333,83.46,75,24,12.62,few clouds
55,San Cristobal,VE,7.7669,-72.225,64.0,97,36,2.3,scattered clouds
56,Thompson,CA,55.7435,-97.8558,68.85,50,99,4.76,overcast clouds
57,Chuy,UY,-33.6971,-53.4616,56.23,98,98,6.15,overcast clouds
58,Vaini,TO,-21.2,-175.2,77.14,76,6,9.91,clear sky
59,Eureka,US,40.8021,-124.1637,61.66,85,28,3.0,scattered clouds
60,Bluff,NZ,-46.6,168.3333,47.8,72,86,21.23,overcast clouds
61,Araouane,ML,18.9048,-3.5265,89.87,21,5,9.19,clear sky
62,Mahebourg,MU,-20.4081,57.7,74.25,69,75,15.95,broken clouds
63,Khatanga,RU,71.9667,102.5,66.31,38,78,3.78,broken clouds
64,Port Alfred,ZA,-33.5906,26.891,58.62,68,92,8.66,overcast clouds
65,Bethel,US,41.3712,-73.414,70.48,84,50,0.96,scattered clouds
66,Tura,IN,25.5198,90.2201,89.91,61,5,2.15,clear sky
67,Somerset,US,40.5668,-74.5496,74.23,89,33,1.01,scattered clouds
68,Warrington,GB,53.3925,-2.5802,57.79,89,45,1.74,scattered clouds
69,Nikolskoye,RU,59.7035,30.7861,58.91,67,60,8.41,broken clouds
70,Victoria,HK,22.2855,114.1577,91.45,77,97,11.99,overcast clouds
71,Clyde River,CA,70.4692,-68.5914,48.16,52,94,8.25,overcast clouds
72,Busselton,AU,-33.65,115.3333,59.4,70,100,4.81,overcast clouds
73,Hay River,CA,60.8156,-115.7999,51.22,91,84,7.72,light rain
74,Port Augusta,AU,-32.5,137.7667,67.98,28,19,20.07,few clouds
75,Neryungri,RU,56.6709,124.6491,79.23,53,94,6.24,overcast clouds
76,Alofi,NU,-19.0595,-169.9187,78.08,66,44,21.27,scattered clouds
77,Buenaventura,CO,3.8801,-77.0312,75.15,95,99,2.42,moderate rain
78,Dingle,PH,10.9995,122.6711,86.54,71,93,4.09,overcast clouds
79,Kafue,ZM,-15.7691,28.1814,53.01,74,7,6.98,clear sky
80,Bengkulu,ID,-3.8004,102.2655,82.02,76,100,3.8,overcast clouds
81,Ystad,SE,55.4297,13.8204,56.14,87,100,14.5,light rain
82,Yangjiang,CN,21.85,111.9667,88.47,72,97,12.86,overcast clouds
83,Mecca,SA,21.4267,39.8261,89.65,35,82,8.3,broken clouds
84,Kapaa,US,22.0752,-159.319,77.11,83,85,4.0,overcast clouds
85,The Valley,AI,18.217,-63.0578,82.81,80,5,23.13,clear sky
86,Mar Del Plata,AR,-38.0023,-57.5575,50.88,94,100,13.8,overcast clouds
87,Hobart,AU,-42.8794,147.3294,56.26,65,75,11.5,broken clouds
88,Saint George,US,37.1041,-113.5841,95.95,27,32,3.0,scattered clouds
89,Sabang,ID,5.8933,95.3214,82.85,77,90,19.62,overcast clouds
90,Ixtapa,MX,20.7,-105.2,79.23,87,100,1.01,overcast clouds
91,Arraial Do Cabo,BR,-22.9661,-42.0278,70.7,86,61,25.7,broken clouds
92,Avera,US,33.194,-82.5271,73.54,84,58,7.67,broken clouds
93,Kruisfontein,ZA,-34.0033,24.7314,53.85,66,100,7.45,overcast clouds
94,Sinnamary,GF,5.3833,-52.95,75.69,91,90,6.2,overcast clouds
95,Cockburn Town,TC,21.4612,-71.1419,81.28,84,93,23.11,overcast clouds
96,Tuktoyaktuk,CA,69.4541,-133.0374,43.23,69,17,9.26,few clouds
97,Severo-Kurilsk,RU,50.6789,156.125,56.1,92,82,3.53,broken clouds
98,Nkan,GA,0.3833,9.7833,71.87,87,82,4.14,broken clouds
99,Dunedin,NZ,-45.8742,170.5036,46.8,48,25,1.99,scattered clouds
100,Smederevska Palanka,RS,44.3655,20.9589,66.29,32,18,5.82,few clouds
101,Ramnagar,IN,29.4,79.1167,98.22,35,8,6.08,clear sky
102,Saint-Philippe,RE,-21.3585,55.7679,71.19,88,62,11.12,light rain
103,Malanje,AO,-9.5402,16.341,57.52,44,0,3.27,clear sky
104,Palembang,ID,-2.9167,104.7458,84.29,65,40,8.05,light rain
105,Petropavlovsk-Kamchatskiy,RU,53.0452,158.6483,63.19,82,100,15.66,overcast clouds
106,Machali,CL,-34.1833,-70.6667,39.87,92,100,4.03,overcast clouds
107,Butaritari,KI,3.0707,172.7902,80.38,81,100,13.85,moderate rain
108,Gravdal,NO,68.1214,13.5031,51.42,81,100,9.28,overcast clouds
109,Kodiak,US,57.79,-152.4072,55.08,96,100,1.41,light rain
110,Coahuayana,MX,18.7333,-103.6833,77.83,82,100,2.8,overcast clouds
111,Tiksi,RU,71.6872,128.8694,42.49,73,98,3.62,overcast clouds
112,Kieta,PG,-6.2167,155.6333,82.24,78,79,7.07,light rain
113,San Vicente De Canete,PE,-13.0751,-76.3835,59.97,84,27,1.61,scattered clouds
114,Hermanus,ZA,-34.4187,19.2345,49.8,66,47,7.76,scattered clouds
115,Baturaja,ID,-4.1333,104.1667,86.22,55,100,2.33,overcast clouds
116,Iwanai,JP,42.9744,140.5089,64.62,96,100,6.53,light rain
117,San Felipe,VE,10.3399,-68.7425,72.1,97,86,1.9,overcast clouds
118,Yulara,AU,-25.2406,130.9889,68.97,12,0,4.09,clear sky
119,Longonjo,AO,-12.9067,15.2533,52.74,47,0,4.18,clear sky
120,Caravelas,BR,-17.7125,-39.2481,68.76,82,60,3.83,broken clouds
121,Karatau,KZ,43.1667,70.4667,88.16,19,0,12.5,clear sky
122,Ancud,CL,-41.8697,-73.8203,39.22,82,3,4.18,clear sky
123,Puerto Ayora,EC,-0.7393,-90.3518,68.56,93,98,5.01,overcast clouds
124,Shache,CN,38.4167,77.2406,85.35,25,53,5.37,broken clouds
125,Sungaipenuh,ID,-2.0833,101.3833,80.17,49,82,5.1,broken clouds
126,Mataura,NZ,-46.1927,168.8643,47.48,81,71,5.17,broken clouds
127,Kapoeta,SS,4.7717,33.5903,75.33,67,89,9.37,overcast clouds
128,Tucuma,BR,-0.1833,-50.05,74.12,93,49,5.46,scattered clouds
129,Broome,US,42.2506,-75.833,63.55,73,98,1.01,overcast clouds
130,Biggar,GB,55.6167,-3.5167,49.91,92,68,2.73,broken clouds
131,Bacolod,PH,10.6667,122.95,84.69,78,93,5.75,light rain
132,Bambous Virieux,MU,-20.3428,57.7575,74.21,69,77,15.79,broken clouds
133,Palimbang,PH,6.2106,124.1894,82.81,82,78,5.48,broken clouds
134,Biak,ID,-0.9131,122.8766,76.59,87,100,8.48,overcast clouds
135,New Norfolk,AU,-42.7826,147.0587,55.92,75,98,3.0,overcast clouds
136,Faanui,PF,-16.4833,-151.75,77.25,68,36,24.49,light rain
137,Las Vegas,US,36.175,-115.1372,96.58,30,90,1.99,overcast clouds
138,Port Elizabeth,ZA,-33.918,25.5701,56.77,68,87,7.78,overcast clouds
139,Jinotega,NI,13.0917,-86.0018,63.39,98,24,4.34,few clouds
140,Kawalu,ID,-7.3817,108.2082,78.82,87,86,3.85,overcast clouds
141,Hidalgotitlan,MX,17.7833,-94.6333,74.35,96,99,4.45,overcast clouds
142,Ribeira Grande,PT,38.5167,-28.7,69.55,91,6,6.49,clear sky
143,Wahpeton,US,46.2652,-96.6059,73.42,78,0,4.61,clear sky
144,Georgetown,MY,5.4112,100.3354,87.73,79,20,9.22,few clouds
145,Saskylakh,RU,71.9167,114.0833,63.54,42,67,2.62,broken clouds
146,Puerto Escondido,MX,15.85,-97.0667,79.88,83,100,8.43,overcast clouds
147,Harper,LR,4.375,-7.7169,74.01,88,100,8.75,light rain
148,Ust-Nera,RU,64.5667,143.2,80.73,43,73,2.68,broken clouds
149,Visnes,NO,59.3556,5.2242,54.82,87,40,13.8,scattered clouds
150,Cravo Norte,CO,6.3017,-70.2041,75.7,83,83,4.03,broken clouds
151,Umm Lajj,SA,25.0213,37.2685,84.47,56,3,8.05,clear sky
152,Ronne,DK,55.1009,14.7066,55.31,88,100,11.5,overcast clouds
153,Pachino,IT,36.7186,15.0907,77.43,54,0,2.26,clear sky
154,Buraydah,SA,26.326,43.975,92.8,9,98,4.38,overcast clouds
155,Hilo,US,19.7297,-155.09,81.28,91,100,5.75,overcast clouds
156,Houma,US,29.5958,-90.7195,77.0,93,1,2.53,clear sky
157,Ulladulla,AU,-35.35,150.4667,55.67,52,100,11.18,overcast clouds
158,Margate,GB,51.3813,1.3862,62.87,78,40,1.01,scattered clouds
159,Portland,US,45.5234,-122.6762,73.89,66,0,5.01,clear sky
160,Senanga,ZM,-16.1167,23.2667,49.39,53,0,6.13,clear sky
161,Anton,PA,8.4,-80.2667,80.85,88,24,8.77,few clouds
162,Komsomolskiy,UZ,40.4272,71.7189,92.12,21,0,6.91,clear sky
163,Padang,ID,-0.9492,100.3543,87.85,65,83,5.97,broken clouds
164,Santarem,BR,-2.4431,-54.7083,73.53,100,0,0.0,clear sky
165,Ginda,IN,30.6945,78.4932,80.62,54,14,5.73,few clouds
166,Kaitangata,NZ,-46.2817,169.8464,43.45,72,18,11.56,few clouds
167,Kuryk,KZ,43.2,51.65,92.17,27,0,16.33,clear sky
168,Olafsvik,IS,64.8945,-23.7142,51.1,89,100,19.42,overcast clouds
169,Leningradskiy,RU,69.3833,178.4167,43.0,69,100,5.21,overcast clouds
170,Danjiangkou,CN,32.5428,111.5086,95.56,53,100,7.47,overcast clouds
171,Manoel Urbano,BR,-8.8389,-69.2597,74.59,84,51,2.62,broken clouds
172,Paamiut,GL,61.994,-49.6678,39.7,84,100,2.84,overcast clouds
173,Brewster,US,41.3973,-73.6171,70.36,86,0,0.0,clear sky
174,Isangel,VU,-19.55,169.2667,71.85,67,83,20.31,broken clouds
175,Cherskiy,RU,68.75,161.3,70.03,43,90,21.09,overcast clouds
176,Yeppoon,AU,-23.1333,150.7333,71.38,73,24,13.11,few clouds
177,Boguchany,RU,58.3814,97.4531,71.74,38,94,5.23,overcast clouds
178,Awbari,LY,26.5921,12.7805,75.45,27,0,8.77,clear sky
179,Lovington,US,32.944,-103.3485,82.17,37,5,1.01,clear sky
180,Kirakira,SB,-10.4544,161.9205,83.08,73,71,12.48,broken clouds
181,Flagstaff,US,35.1981,-111.6513,70.32,66,0,1.01,clear sky
182,Batagay-Alyta,RU,67.8006,130.4114,56.55,66,90,7.36,overcast clouds
183,Atlantic City,US,39.3643,-74.4229,74.12,92,75,3.44,broken clouds
184,Trelew,AR,-43.249,-65.3051,35.29,92,76,9.73,broken clouds
185,Saint-Augustin,CA,51.226,-58.6502,53.96,96,82,5.7,broken clouds
186,Provideniya,RU,64.3833,-173.3,50.32,67,29,7.25,scattered clouds
187,Hovd,MN,48.0056,91.6419,70.65,22,0,5.41,clear sky
188,Verkhoyansk,RU,67.5447,133.385,61.68,62,100,12.93,overcast clouds
189,Evensk,RU,61.95,159.2333,65.55,61,8,13.15,clear sky
190,Husavik,IS,66.0449,-17.3389,52.16,71,100,5.91,overcast clouds
191,De-Kastri,RU,51.4667,140.7833,68.34,63,100,6.96,overcast clouds
192,Cheyenne,US,41.14,-104.8203,66.34,87,100,13.8,moderate rain
193,Alekseyevsk,RU,57.8406,108.3492,63.01,82,100,2.64,light rain
194,Hami,CN,42.8,93.45,92.1,7,100,8.86,overcast clouds
195,Dikson,RU,73.5069,80.5464,41.63,87,55,9.13,broken clouds
196,Kyra,RU,49.5776,111.9753,58.8,83,100,9.57,light rain
197,Nishihara,JP,26.1842,127.7558,87.46,84,75,11.5,broken clouds
198,Solnechnyy,RU,50.7214,136.6319,81.1,42,46,6.29,scattered clouds
199,Morondava,MG,-20.2833,44.2833,66.49,75,0,6.93,clear sky
200,Bongandanga,CD,1.5,21.05,70.45,96,83,2.1,light rain
201,Phan Thiet,VN,10.9333,108.1,88.43,62,60,13.62,broken clouds
202,Waipawa,NZ,-41.4122,175.5153,41.85,75,25,5.59,scattered clouds
203,Kavaratti,IN,10.5669,72.642,81.57,81,81,16.13,broken clouds
204,Caiaponia,BR,-16.9567,-51.8103,66.22,56,98,1.83,overcast clouds
205,Peniche,PT,39.3558,-9.3811,66.11,91,9,5.7,clear sky
206,Talnakh,RU,69.4865,88.3972,69.21,36,2,2.42,clear sky
207,Carnarvon,AU,-24.8667,113.6333,74.7,43,21,4.72,few clouds
208,Sayyan,YE,15.1718,44.3244,67.17,50,58,8.52,broken clouds
209,Te Anau,NZ,-45.4167,167.7167,41.05,89,44,4.23,scattered clouds
210,Jalu,LY,29.0331,21.5482,75.99,45,0,7.25,clear sky
211,Vao,NC,-22.6667,167.4833,68.72,57,0,19.77,clear sky
212,Codrington,AU,-38.2667,141.9667,54.7,50,96,23.55,overcast clouds
213,Buzmeyin,TM,38.0507,58.2056,96.26,9,0,6.53,clear sky
214,Tuatapere,NZ,-46.1333,167.6833,44.15,81,56,6.71,broken clouds
215,Baoqing,CN,46.3317,132.2111,75.43,74,99,13.56,overcast clouds
216,Quatre Cocos,MU,-20.2078,57.7625,74.08,69,76,16.08,broken clouds
217,Port Hawkesbury,CA,45.6169,-61.3485,60.58,97,5,7.0,clear sky
218,Santa Cruz,BO,-17.8,-63.1667,72.86,94,75,20.71,broken clouds
219,Bonthe,SL,7.5264,-12.505,75.87,87,99,6.53,light rain
220,Longyearbyen,SJ,78.2186,15.6401,53.44,71,0,16.11,clear sky
221,Biltine,TD,14.5333,20.9167,73.53,79,100,5.91,light rain
222,Dehloran,IR,32.6941,47.2679,107.15,8,0,6.33,clear sky
223,Canavieiras,BR,-15.675,-38.9472,68.97,89,77,3.4,broken clouds
224,Adrar,MR,20.5022,-10.0711,88.39,24,5,3.09,clear sky
225,Iquique,CL,-20.2208,-70.1431,57.15,72,1,5.53,clear sky
226,Fairbanks,US,64.8378,-147.7164,60.76,87,75,4.61,mist
227,Port Blair,IN,11.6667,92.75,78.84,94,100,2.3,drizzle
228,Bhainsdehi,IN,21.6467,77.6325,78.17,77,94,7.96,overcast clouds
229,Gizo,SB,-8.103,156.8419,82.04,78,88,12.1,light rain
230,Rio Tercero,AR,-32.173,-64.1141,44.8,86,96,17.87,light rain
231,Bilma,NE,18.6853,12.9164,82.17,52,46,5.12,scattered clouds
232,Half Moon Bay,US,37.4636,-122.4286,64.54,84,100,10.36,mist
233,Gayeri,BF,12.6497,0.4931,76.86,79,100,8.75,overcast clouds
234,Poum,NC,-20.2333,164.0167,72.63,56,0,16.62,clear sky
235,Manta,EC,-0.95,-80.7333,71.38,83,100,9.22,overcast clouds
236,Mackay,AU,-21.15,149.2,69.67,73,66,13.13,broken clouds
237,Lakatoro,VU,-16.0999,167.4164,77.77,80,56,19.69,broken clouds
238,Iturama,BR,-19.7281,-50.1956,72.09,42,66,8.28,broken clouds
239,Porto Murtinho,BR,-21.6989,-57.8825,85.26,32,99,11.25,overcast clouds
240,Buala,SB,-8.145,159.5921,84.04,67,75,8.21,broken clouds
241,Inirida,CO,3.8653,-67.9239,72.25,95,98,1.36,light rain
242,Bose,IT,45.4612,8.0137,72.84,68,34,4.43,scattered clouds
243,Yeniseysk,RU,58.4497,92.1703,67.64,49,99,2.33,overcast clouds
244,Cap Malheureux,MU,-19.9842,57.6142,74.46,67,80,8.99,broken clouds
245,Vardo,NO,70.3705,31.1107,55.38,76,75,28.77,broken clouds
246,Olinda,BR,-8.0089,-34.8553,74.59,85,20,13.35,few clouds
247,Svetlyy,RU,54.675,20.1347,53.65,84,41,13.56,scattered clouds
248,Machico,PT,32.7,-16.7667,68.72,83,75,6.91,broken clouds
249,Puerto Maldonado,PE,-12.6,-69.1833,75.33,76,84,2.68,broken clouds
250,Dongsheng,CN,39.8161,109.9776,81.28,32,68,9.93,broken clouds
251,Merauke,ID,-8.4667,140.3333,78.87,69,98,13.09,overcast clouds
252,Constitucion,CL,-35.3333,-72.4167,44.64,91,100,3.06,overcast clouds
253,Scalea,IT,39.813,15.7956,76.51,62,0,0.54,clear sky
254,Hammerfest,NO,70.6634,23.6821,52.25,82,75,6.91,light rain
255,Pangkalanbuun,ID,-2.6833,111.6167,94.15,48,46,1.7,scattered clouds
256,Pangai,TO,-19.8,-174.35,78.4,78,100,14.81,overcast clouds
257,Mahibadhoo,MV,3.7833,72.9667,82.11,76,32,7.4,scattered clouds
258,Xai-Xai,MZ,-25.0519,33.6442,65.48,82,53,10.98,light rain
259,Lavrentiya,RU,65.5833,-171.0,45.39,66,2,6.67,clear sky
260,Ibra,OM,22.6906,58.5334,91.62,42,97,2.39,overcast clouds
261,Nanortalik,GL,60.1432,-45.2371,40.15,92,100,7.81,overcast clouds
262,Dunda,TZ,-8.1167,34.25,63.07,71,63,4.32,broken clouds
263,Xinzhou,CN,38.4092,112.7333,76.57,72,99,5.79,overcast clouds
264,Ovsyanka,RU,55.9575,92.5519,56.37,53,63,2.3,light rain
265,Gornyak,RU,50.9942,81.4661,81.23,40,50,6.04,scattered clouds
266,Velika Kladusa,BA,45.1894,15.8117,66.74,95,88,1.59,overcast clouds
267,Nelson Bay,AU,-32.7167,152.15,63.09,62,100,5.99,overcast clouds
268,Kontagora,NG,10.3999,5.4695,71.06,97,100,5.39,light rain
269,Lasalgaon,IN,20.15,74.2333,74.1,90,100,7.4,overcast clouds
270,Sao Bras De Alportel,PT,37.1531,-7.8875,75.88,50,0,6.91,clear sky
271,Miyako,JP,39.6367,141.9525,69.51,99,100,8.23,moderate rain
272,Alamosa,US,37.4695,-105.87,69.78,46,100,6.91,overcast clouds
273,La Ronge,CA,55.1001,-105.2842,64.35,57,86,5.23,overcast clouds
274,Baruun-Urt,MN,46.6806,113.2792,70.3,66,98,12.95,overcast clouds
275,Urumqi,CN,43.801,87.6005,81.55,21,0,6.71,clear sky
276,Itanhaem,BR,-24.1831,-46.7889,69.78,59,60,5.46,broken clouds
277,Xuanwu,CN,32.069,118.8138,96.57,51,99,2.82,overcast clouds
278,Severnoye,RU,56.3491,78.3619,66.07,72,13,5.86,light rain
279,Grootfontein,NA,-19.5667,18.1167,45.3,47,0,5.35,clear sky
280,Krasnoselkup,RU,65.7,82.4667,69.28,44,37,16.11,scattered clouds
281,Arman,RU,59.7,150.1667,63.01,83,99,7.34,overcast clouds
282,Sur,OM,22.5667,59.5289,86.76,74,99,4.68,overcast clouds
283,Namatanai,PG,-3.6667,152.4333,83.53,70,56,7.02,light rain
284,Wewak,PG,-3.5534,143.6268,79.29,83,100,8.63,overcast clouds
285,Villamontes,BO,-21.25,-63.5,56.89,84,99,3.22,overcast clouds
286,Saravan,AM,39.7196,45.6483,75.94,34,0,4.34,clear sky
287,Narsaq,GL,60.9167,-46.05,44.82,91,100,4.25,overcast clouds
288,Korla,CN,41.7597,86.1469,77.99,37,100,7.38,overcast clouds
289,Sawtell,AU,-30.3833,153.1,68.18,45,100,12.66,overcast clouds
290,Whitehorse,CA,60.7161,-135.0538,60.31,74,95,10.0,overcast clouds
291,Balsas,BR,-7.5325,-46.0356,71.13,47,7,3.89,clear sky
292,Fort Nelson,CA,58.8053,-122.7002,60.26,68,98,2.44,overcast clouds
293,Hella,NO,67.2,14.4333,51.94,91,100,9.22,overcast clouds
294,Westport,US,41.1415,-73.3579,72.79,88,100,0.0,overcast clouds
295,Nchelenge,ZM,-9.3451,28.734,63.46,67,40,7.09,scattered clouds
296,Roma,US,43.2128,-75.4557,62.73,85,0,3.44,clear sky
297,College,US,64.8569,-147.8028,60.75,87,100,4.61,light rain
298,Alabaster,US,33.2443,-86.8164,76.41,87,0,3.44,clear sky
299,Smithers,CA,54.7804,-127.1743,57.52,94,100,0.0,light rain
300,Inhambane,MZ,-23.865,35.3833,65.79,81,23,9.69,few clouds
301,Grants,US,35.1473,-107.8514,70.03,52,71,0.0,broken clouds
302,Plettenberg Bay,ZA,-34.0527,23.3716,58.87,58,97,4.38,overcast clouds
303,Udachnyy,RU,66.4167,112.4,56.1,62,100,16.8,overcast clouds
304,Port Lincoln,AU,-34.7333,135.8667,60.57,75,10,25.95,clear sky
305,Barrow,US,71.2906,-156.7887,35.62,87,100,5.75,overcast clouds
306,Vanavara,RU,60.34,102.2797,71.22,40,85,3.2,overcast clouds
307,Bubaque,GW,11.2833,-15.8333,80.06,81,97,14.32,overcast clouds
308,Challakere,IN,14.3167,76.65,78.93,67,98,23.31,overcast clouds
309,Buin,CL,-33.7333,-70.75,42.42,97,100,4.14,overcast clouds
310,Filadelfia,US,39.9523,-75.1638,75.09,90,75,8.05,broken clouds
311,Golden,US,39.7555,-105.2211,75.69,57,0,13.0,clear sky
312,Leua,SK,48.2156,18.6071,61.5,59,14,0.87,few clouds
313,Augusto Correa,BR,-1.0217,-46.635,71.55,97,12,2.89,few clouds
314,Nazilli,TR,37.9163,28.3223,74.5,43,0,4.43,clear sky
315,Novobirilyussy,RU,56.9514,90.6661,69.06,53,63,1.21,broken clouds
316,Cabo San Lucas,MX,22.8909,-109.9124,81.7,64,0,8.59,clear sky
317,Tautira,PF,-17.7333,-149.15,75.2,70,74,25.68,light rain
318,Bulgan,MN,48.8125,103.5347,67.6,40,10,6.93,clear sky
319,Moyale,KE,3.5167,39.0584,63.32,81,94,12.84,overcast clouds
320,Sitka,US,57.0531,-135.33,55.29,88,100,0.0,overcast clouds
321,Oistins,BB,13.0667,-59.5333,80.69,83,40,14.97,scattered clouds
322,Kifri,IQ,34.6959,44.9661,100.4,14,0,4.94,clear sky
323,Tocopilla,CL,-22.092,-70.1979,56.08,56,0,6.73,clear sky
324,Raichur,IN,16.2,77.3667,83.19,61,100,18.92,overcast clouds
325,Muros,ES,42.7762,-9.0603,65.16,93,20,1.41,few clouds
326,Yerbogachen,RU,61.2767,108.0108,72.25,44,92,7.58,overcast clouds
327,Cesis,LV,57.3119,25.2746,53.73,87,27,6.71,scattered clouds
328,Nioro,GM,13.35,-15.75,78.22,88,86,5.61,overcast clouds
329,Zhigansk,RU,66.7697,123.3711,66.33,43,36,16.35,scattered clouds
330,Iqaluit,CA,63.7506,-68.5145,56.7,67,38,13.0,scattered clouds
331,Petrozavodsk,RU,61.7849,34.3469,61.39,64,66,8.84,broken clouds
332,Beidao,CN,34.5686,105.8933,67.62,84,100,2.77,overcast clouds
333,Hendaye,FR,43.3717,-1.7738,69.21,90,0,4.61,clear sky
334,Lalganj,IN,25.8667,85.1833,91.35,38,3,16.24,clear sky
335,Dudinka,RU,69.4058,86.1778,70.63,42,0,6.11,clear sky
336,Saint Anthony,US,45.0205,-93.218,75.63,83,0,6.91,clear sky
337,Carnduff,CA,49.1667,-101.8009,73.38,88,74,8.79,broken clouds
338,Hiriyur,IN,13.9456,76.6192,79.83,65,98,23.94,overcast clouds
339,Luanda,AO,-8.8368,13.2343,66.29,92,19,6.26,few clouds
340,Grand Gaube,MU,-20.0064,57.6608,74.37,68,75,8.99,broken clouds
341,Asau,RO,46.4333,26.4,67.28,76,45,2.39,scattered clouds
342,Hofn,IS,64.2539,-15.2082,49.89,92,100,9.71,overcast clouds
343,Pisco,PE,-13.7,-76.2167,60.03,82,100,4.61,overcast clouds
344,Gobabis,NA,-22.45,18.9667,45.75,35,0,10.94,clear sky
345,San Patricio,US,28.017,-97.5169,84.06,77,24,12.1,few clouds
346,Ballina,AU,-28.8667,153.5667,70.02,48,22,7.94,few clouds
347,Sault Sainte Marie,CA,46.5168,-84.3333,59.29,72,0,0.0,clear sky
348,Carmen,MX,18.6333,-91.8333,82.09,79,11,11.34,few clouds
349,Kropotkin,RU,45.4375,40.5756,79.16,43,61,10.96,broken clouds
350,Kangaatsiaq,GL,68.3065,-53.4641,39.13,88,92,20.24,overcast clouds
351,Pucallpa,PE,-8.3791,-74.5539,78.84,89,20,3.44,few clouds
352,Kohtla-Jarve,EE,59.3986,27.2731,55.42,75,85,13.85,overcast clouds
353,Geraldton,AU,-28.7667,114.6,70.21,52,4,9.22,clear sky
354,Buchanan,LR,5.8808,-10.0467,74.52,90,100,6.24,light rain
355,Stephenville,US,32.2207,-98.2023,82.81,55,40,3.44,scattered clouds
356,Porgera,PG,-5.4667,143.2,51.04,95,100,1.63,overcast clouds
357,Salisbury,GB,51.0693,-1.7957,58.01,90,73,5.26,broken clouds
358,Lagoa,PT,39.05,-27.9833,68.59,93,2,10.29,clear sky
359,Matagami,CA,49.7502,-77.6328,57.16,80,96,6.24,overcast clouds
360,Novorzhev,RU,57.0294,29.3338,54.73,79,87,9.24,overcast clouds
361,Beringovskiy,RU,63.05,179.3167,48.85,65,76,9.06,broken clouds
362,Leku,ET,6.8667,38.45,60.31,90,98,4.56,overcast clouds
363,Mahanje,TZ,-9.9333,35.3333,60.49,76,83,3.51,broken clouds
364,Torbay,CA,47.6666,-52.7314,61.75,84,43,9.01,scattered clouds
365,Vilani,LV,56.5525,26.9245,52.59,88,21,9.37,few clouds
366,Monforte De Lemos,ES,42.5216,-7.5142,77.58,62,96,1.14,overcast clouds
367,Cidreira,BR,-30.1811,-50.2056,63.46,92,97,7.09,overcast clouds
368,Mamlyutka,KZ,54.9375,68.5394,66.22,77,86,10.74,overcast clouds
369,Macau,MO,22.2006,113.5461,91.2,79,20,14.97,few clouds
370,Karratha,AU,-20.7377,116.8463,76.19,23,1,14.56,clear sky
371,Kriel,ZA,-26.2739,29.2253,35.82,85,0,3.44,clear sky
372,Sept-Iles,CA,50.2001,-66.3821,59.05,76,48,1.99,scattered clouds
373,Ceamurlia De Jos,RO,44.7333,28.7167,74.01,57,7,10.8,clear sky
374,Batticaloa,LK,7.7102,81.6924,86.99,58,90,2.28,overcast clouds
375,Hirara,JP,24.8,125.2833,86.07,79,100,14.38,overcast clouds
376,Luderitz,NA,-26.6481,15.1594,69.82,27,0,16.64,clear sky
377,Chiredzi,ZW,-21.05,31.6667,54.95,95,22,1.07,few clouds
378,Sola,VU,-13.8833,167.55,79.93,76,22,20.4,few clouds
379,Newcastle,AU,-32.9272,151.7765,65.08,51,100,9.22,overcast clouds
380,Boralday,KZ,43.3578,76.8594,89.46,23,0,6.71,clear sky
381,Erenhot,CN,43.6475,111.9767,84.15,23,7,20.98,clear sky
382,Dukat,RU,62.55,155.55,79.16,28,78,8.19,broken clouds
383,Salalah,OM,17.0151,54.0924,77.67,96,100,9.95,light rain
384,Vallenar,CL,-28.5708,-70.7581,42.24,79,90,2.71,overcast clouds
385,Chililabombwe,ZM,-12.3648,27.8229,55.27,67,76,5.93,broken clouds
386,Menongue,AO,-14.6585,17.691,45.73,62,0,4.54,clear sky
387,Valdivia,CL,-39.8142,-73.2459,30.29,96,0,1.9,clear sky
388,Bud,US,39.447,-86.1758,73.42,89,98,7.25,overcast clouds
389,Boca Do Acre,BR,-8.7522,-67.3978,74.28,83,100,2.71,overcast clouds
390,Beinamar,TD,8.6698,15.3813,69.98,97,100,3.09,light rain
391,Ambon,ID,-3.6954,128.1814,77.14,94,75,10.36,broken clouds
392,Luena,AO,-11.7833,19.9167,48.38,63,1,5.28,clear sky
393,Sandwick,GB,60.0,-1.25,48.02,87,40,0.0,scattered clouds
394,Vila,PT,42.0304,-8.1588,54.48,59,47,2.68,scattered clouds
395,Sao Miguel,BR,-5.4667,-35.3667,72.37,92,6,13.0,clear sky
396,Berlevag,NO,70.8578,29.0864,55.2,82,100,9.22,overcast clouds
397,Alto Araguaia,BR,-17.3147,-53.2153,67.53,53,82,5.41,broken clouds
398,Chute-Aux-Outardes,CA,49.1168,-68.399,58.08,80,80,6.13,broken clouds
399,Ribnitz-Damgarten,DE,54.25,12.4667,59.11,84,89,19.44,overcast clouds
400,Pionerskiy,RU,54.9508,20.2275,53.44,74,22,18.77,light rain
401,Cayenne,GF,4.9333,-52.3333,75.09,1,100,0.0,mist
402,Liancheng,CN,24.0519,105.075,87.15,51,46,7.45,scattered clouds
403,Hilton Head Island,US,32.2163,-80.7526,79.99,92,20,0.0,few clouds
404,Albina,SR,5.5,-54.05,72.39,99,38,2.55,scattered clouds
405,Mount Isa,AU,-20.7333,139.5,73.17,27,0,12.66,clear sky
406,Ulaangom,MN,49.9811,92.0667,69.94,33,11,7.2,few clouds
407,Luganville,VU,-15.5333,167.1667,77.18,84,53,14.0,broken clouds
408,Ambilobe,MG,-13.2,49.05,73.87,61,27,3.53,scattered clouds
409,San Rafael,AR,-34.6177,-68.3301,37.2,80,99,2.04,overcast clouds
410,Rapid City,US,44.0805,-103.231,71.73,91,100,10.36,overcast clouds
411,Port Hedland,AU,-20.3167,118.5667,80.65,18,2,12.66,clear sky
412,Kungurtug,RU,50.5994,97.5228,67.37,32,26,1.25,scattered clouds
413,Pitkyaranta,RU,61.5734,31.4792,56.57,82,38,9.13,scattered clouds
414,Ajdabiya,LY,30.7554,20.2263,73.02,69,0,6.69,clear sky
415,Bolshoy Lug,RU,52.0779,104.0919,66.38,43,64,6.96,broken clouds
416,Belaya Gora,RU,68.5333,146.4167,62.4,53,100,15.5,overcast clouds
417,Kulhudhuffushi,MV,6.6221,73.07,82.53,75,60,10.6,moderate rain
418,Vangaindrano,MG,-23.35,47.6,65.44,89,22,5.1,few clouds
419,Namwala,ZM,-15.7504,26.4384,54.93,57,1,7.11,clear sky
420,Mehamn,NO,71.0357,27.8492,53.55,87,20,5.75,few clouds
421,Chalmette,US,29.9427,-89.9634,82.99,81,0,3.44,clear sky
422,Owando,CG,-0.4819,15.8999,74.01,69,67,3.2,broken clouds
423,Sangar,RU,63.9242,127.4739,77.52,59,92,4.32,overcast clouds
424,Liku,ID,-0.7275,119.8922,86.49,63,95,2.89,overcast clouds
425,Boende,CD,-0.2167,20.8667,71.22,90,57,1.34,broken clouds
426,Wauwatosa,US,43.0495,-88.0076,67.57,92,100,5.75,mist
427,Guerrero Negro,MX,27.9769,-114.0611,67.03,85,10,14.94,clear sky
428,Zaraza,VE,9.3503,-65.3245,72.1,97,99,3.18,overcast clouds
429,Hailar,CN,49.2,119.7,79.86,48,92,11.1,overcast clouds
430,Mercedes,AR,-34.6515,-59.4307,50.79,94,43,8.81,light rain
431,Meadow Lake,US,34.8014,-106.5436,84.7,31,38,3.65,scattered clouds
432,Murakami,JP,38.2333,139.4833,80.38,87,100,1.3,overcast clouds
433,Hambantota,LK,6.1241,81.1185,86.09,63,100,20.09,overcast clouds
434,Flinders,AU,-34.5833,150.8552,59.38,56,96,5.01,overcast clouds
435,Tabou,CI,4.423,-7.3528,74.08,89,100,8.14,light rain
436,Raudeberg,NO,61.9875,5.1352,50.67,76,97,5.48,overcast clouds
437,Makakilo City,US,21.3469,-158.0858,80.92,63,20,16.11,few clouds
438,Yalvac,TR,38.2956,31.1778,67.75,50,0,4.21,clear sky
439,Baherden,TM,38.4362,57.4316,94.87,16,0,7.34,clear sky
440,Calama,CL,-22.4667,-68.9333,41.49,30,0,10.36,clear sky
441,Nome,US,64.5011,-165.4064,64.47,43,0,13.8,clear sky
442,Smoky Lake,CA,54.1169,-112.4686,65.55,92,66,6.26,broken clouds
443,Prince Albert,CA,53.2001,-105.7677,68.63,91,2,7.78,clear sky
444,Aksu,CN,41.1231,80.2644,82.47,32,5,2.95,clear sky
445,Tagusao,PH,9.1924,117.8141,84.85,70,80,6.44,broken clouds
446,Sada,ES,43.3562,-8.258,63.27,90,30,0.0,scattered clouds
447,Alta Floresta,BR,-9.8756,-56.0861,74.3,53,61,0.94,broken clouds
448,Dakar,SN,14.6937,-17.4441,79.68,85,77,9.82,broken clouds
449,Qui Nhon,VN,13.7667,109.2333,85.12,73,22,8.41,few clouds
450,Domoni,KM,-12.2569,44.5319,75.92,75,59,15.28,light rain
451,Lima,PE,-12.0432,-77.0282,57.45,82,100,10.36,overcast clouds
452,Vung Tau,VN,10.346,107.0843,83.77,73,48,8.63,scattered clouds
453,Saint-Georges,GD,12.0564,-61.7485,78.96,85,100,14.43,overcast clouds
454,Bloomfield,US,40.8068,-74.1854,74.84,84,20,6.91,few clouds
455,Araripe,BR,-7.2125,-40.0461,63.88,86,4,11.61,clear sky
456,Sfantu Gheorghe,RO,45.8667,25.7833,69.26,77,23,1.97,few clouds
457,Cartagena,CO,10.3997,-75.5144,80.22,83,20,9.22,few clouds
458,Tete,MZ,-16.1564,33.5867,60.85,75,4,2.42,clear sky
459,Gigmoto,PH,13.7796,124.39,85.55,77,94,4.09,overcast clouds
460,Kasamwa,TZ,-2.85,32.4333,64.62,66,92,8.75,overcast clouds
461,Verkhnyaya Toyma,RU,62.2349,44.9985,63.46,84,69,8.43,broken clouds
462,Farmington,US,36.7281,-108.2187,79.48,41,0,5.75,clear sky
463,West Wendover,US,40.7391,-114.0733,79.81,28,0,4.61,clear sky
464,Coquimbo,CL,-29.9533,-71.3436,46.13,87,0,8.05,clear sky
465,Ahipara,NZ,-35.1667,173.1667,53.01,77,38,7.81,scattered clouds
466,Kupang,ID,-10.1667,123.5833,83.53,54,70,10.07,broken clouds
467,Bhola,BD,22.6833,90.65,87.87,70,30,18.3,scattered clouds
468,Mapanas,PH,12.475,125.2562,84.04,80,72,3.29,broken clouds
469,Nemuro,JP,43.3236,145.575,62.2,82,97,12.33,overcast clouds
470,Sidi Ali,DZ,36.0998,0.4206,71.56,75,0,2.37,clear sky
471,Mamakan,RU,57.8161,114.0028,73.2,66,96,4.97,overcast clouds
472,Barcelona,ES,41.3888,2.159,84.72,48,0,11.5,clear sky
473,Inverell,AU,-29.7833,151.1167,62.11,43,64,5.99,broken clouds
474,Labuhan,ID,-6.8844,112.2051,85.95,64,52,5.1,broken clouds
475,Pitimbu,BR,-7.4706,-34.8086,72.19,86,9,13.85,clear sky
476,Candido Mendes,BR,-1.4467,-45.7167,72.07,97,26,2.21,scattered clouds
477,Ndele,CF,8.4109,20.6473,70.05,96,100,1.99,overcast clouds
478,Calbuco,CL,-41.768,-73.1273,31.21,80,1,7.56,clear sky
479,Rawson,AR,-43.3002,-65.1023,37.18,90,80,12.12,broken clouds
480,Ulagan,RU,50.6321,87.9563,63.14,63,92,0.63,overcast clouds
481,Pemangkat,ID,1.1667,108.9667,85.98,67,33,9.66,scattered clouds
482,Naldurg,IN,17.8167,76.3,79.27,74,99,17.92,overcast clouds
483,Shubarshi,KZ,48.5872,57.1869,80.74,34,0,8.68,clear sky
484,Odweyne,SO,9.4092,45.064,71.71,65,94,26.4,overcast clouds
485,Khairagarh,IN,26.95,77.8167,99.54,35,70,14.45,broken clouds
486,Severobaykalsk,RU,55.65,109.3167,50.32,96,100,3.06,overcast clouds
487,Alice Springs,AU,-23.7,133.8833,71.15,10,0,6.91,clear sky
488,Winsum,NL,53.33,6.5208,59.99,86,61,13.38,broken clouds
489,Bilibino,RU,68.0546,166.4372,67.55,43,74,17.38,broken clouds
490,Tucupita,VE,9.0622,-62.051,73.71,98,100,2.46,overcast clouds
491,Belchatow,PL,51.3688,19.3567,53.98,60,95,7.02,overcast clouds
492,Wakkanai,JP,45.4094,141.6739,64.38,85,100,19.64,light rain
493,Saldanha,ZA,-33.0117,17.9442,58.35,60,4,6.71,clear sky
494,Esmeraldas,BR,-19.7625,-44.3139,59.86,78,100,3.6,overcast clouds
495,Fort Morgan,US,40.2503,-103.8,69.22,94,0,11.5,clear sky
496,Lazarev,RU,52.225,141.5131,59.4,85,100,11.99,overcast clouds
497,Saint-Pierre,RE,-21.3393,55.4781,71.28,69,100,17.27,overcast clouds
498,Lerwick,GB,60.1545,-1.1494,48.2,78,37,2.66,scattered clouds
499,Balykshi,KZ,47.0667,51.8667,84.2,30,0,11.18,clear sky
500,Sioux Lookout,CA,50.1001,-91.917,62.69,63,0,1.25,clear sky
501,Truckee,US,39.328,-120.1833,79.12,46,0,3.44,clear sky
502,Sindou,BF,10.6667,-5.1667,73.8,91,99,4.74,moderate rain
503,Bouna,CI,9.2667,-3.0,70.18,96,82,5.61,broken clouds
504,Sao Filipe,CV,14.8961,-24.4956,73.89,85,75,5.55,broken clouds
505,Vasterhaninge,SE,59.1167,18.1,54.9,75,67,10.51,broken clouds
506,Vipperod,DK,55.6677,11.7397,55.89,82,62,16.8,broken clouds
507,Nouadhibou,MR,20.931,-17.0347,67.82,90,2,19.35,clear sky
508,Belmonte,BR,-15.8631,-38.8828,71.2,82,76,6.22,broken clouds
509,Bonavista,CA,48.6499,-53.1147,55.0,97,92,7.14,overcast clouds
510,Severo-Yeniseyskiy,RU,60.3725,93.0408,63.55,43,18,2.84,few clouds
511,High Level,CA,58.5169,-117.136,64.51,77,100,4.61,light rain
512,Thunder Bay,CA,48.4001,-89.3168,55.83,96,45,1.14,scattered clouds
513,Richards Bay,ZA,-28.783,32.0377,64.06,75,99,1.97,overcast clouds
514,Kutum,SD,14.2,24.6667,73.08,70,99,7.4,overcast clouds
515,Port Hardy,CA,50.6996,-127.4199,55.81,96,100,3.65,light rain
516,Kedougou,SN,12.5579,-12.1743,74.07,94,6,6.15,clear sky
517,Mamu Kanjan,PK,30.8333,72.8,94.21,45,78,8.63,broken clouds
518,Srednekolymsk,RU,67.45,153.6833,77.02,44,55,15.73,broken clouds
519,Markova,UA,48.6758,24.4138,59.58,67,82,2.26,broken clouds
520,Osoyoos,CA,49.0331,-119.4524,72.93,38,4,1.95,clear sky
521,Sharan,RU,54.8167,54.0,67.84,81,52,15.08,broken clouds
522,Hualmay,PE,-11.0964,-77.6139,59.79,86,34,11.45,scattered clouds
523,Aripuana,BR,-9.1667,-60.6333,76.42,56,42,0.47,scattered clouds
524,Nurota,UZ,40.5614,65.6886,93.63,11,0,16.87,clear sky
525,Tiznit,MA,29.5833,-9.5,76.78,47,35,0.94,scattered clouds
526,Daru,PG,-9.0763,143.2092,77.77,69,77,13.87,broken clouds
527,Bemidji,US,47.4736,-94.8803,68.9,99,0,0.0,clear sky
528,Glazunovka,RU,52.4986,36.3275,59.43,79,0,6.35,clear sky
529,Kasempa,ZM,-13.4584,25.8338,54.34,66,2,8.63,clear sky
530,Aklavik,CA,68.2191,-135.0107,58.98,45,82,10.07,broken clouds
531,Rabo De Peixe,PT,37.8,-25.5833,69.28,84,40,10.36,scattered clouds
532,Awjilah,LY,29.1081,21.2869,75.29,49,0,8.03,clear sky
533,Byron Bay,AU,-28.65,153.6167,69.94,64,3,7.58,clear sky
534,Loughrea,IE,53.1969,-8.5669,52.81,94,100,1.45,overcast clouds
535,De Aar,ZA,-30.6497,24.0123,47.23,39,98,4.0,overcast clouds
536,Sakakah,SA,29.9697,40.2064,87.75,24,0,7.52,clear sky
537,Svetlaya,RU,46.5389,138.3297,59.63,89,100,8.48,overcast clouds
538,Manado,ID,1.487,124.8455,90.37,58,40,5.75,scattered clouds
539,Ravenna,IT,44.4167,11.9833,78.89,80,0,1.59,clear sky
540,Naliya,IN,23.2667,68.8333,86.94,71,99,23.26,overcast clouds
541,Bathsheba,BB,13.2167,-59.5167,81.21,91,40,14.97,scattered clouds
542,Rapar,IN,23.5667,70.6333,85.6,73,92,18.88,overcast clouds
543,Harboore,DK,56.6175,8.1807,55.18,77,7,29.01,clear sky
544,Sao Borja,BR,-28.6606,-56.0044,65.95,98,92,3.18,light rain
545,Ilovlya,RU,49.3033,43.9796,78.91,39,18,7.81,few clouds
546,Chumikan,RU,54.7183,135.315,57.79,87,97,8.66,overcast clouds
547,Los Llanos De Aridane,ES,28.6585,-17.9182,67.75,96,100,11.5,overcast clouds
548,Hattiesburg,US,31.3271,-89.2903,76.44,97,0,5.75,clear sky
549,Mwene-Ditu,CD,-7.0,23.45,67.93,50,35,3.98,scattered clouds
550,Shar,KZ,49.5886,81.0453,82.38,32,57,2.44,broken clouds
551,Rabak,SD,13.1809,32.74,77.16,76,100,11.34,overcast clouds
552,Emirdag,TR,39.0197,31.15,64.72,51,0,3.62,clear sky
553,Dahuk,IQ,36.8695,42.994,93.9,15,0,0.65,clear sky
554,Manaure,CO,11.7751,-72.4445,80.38,77,8,12.73,clear sky
555,Batemans Bay,AU,-35.7167,150.1833,56.66,48,100,8.21,overcast clouds
556,Sherlovaya Gora,RU,50.5667,116.25,69.55,70,100,5.7,moderate rain
557,Kahului,US,20.8947,-156.47,78.82,75,40,18.41,scattered clouds
558,Strezhevoy,RU,60.7333,77.5889,62.31,64,96,1.14,overcast clouds
559,Chongwe,ZM,-15.3292,28.682,54.82,76,4,10.2,clear sky
560,Katsuura,JP,35.1333,140.3,73.69,96,100,13.96,moderate rain
561,Swan Hill,AU,-35.3378,143.5544,61.47,25,61,17.87,broken clouds
562,Soyo,AO,-6.1349,12.3689,68.72,94,29,6.22,scattered clouds
563,Shubarkuduk,KZ,49.1447,56.4872,78.71,40,0,7.47,clear sky
564,San Jeronimo,PE,-11.9472,-75.2829,46.06,82,13,1.79,few clouds
565,Kudahuvadhoo,MV,2.6708,72.8944,82.81,74,14,9.48,few clouds
566,Kushima,JP,31.4583,131.2333,83.59,78,85,12.59,overcast clouds
567,Turukhansk,RU,65.8167,87.9833,66.72,47,70,11.27,broken clouds
568,Tingi,TZ,-11.3,35.0333,59.29,70,98,3.2,overcast clouds
569,Garowe,SO,8.4054,48.4845,77.81,52,80,30.38,broken clouds
570,Amga,RU,60.8953,131.9608,87.53,44,48,1.12,scattered clouds
571,Uyuni,BO,-20.4597,-66.825,29.44,25,2,15.32,clear sky
572,Naze,JP,28.3667,129.4833,81.39,84,100,15.43,overcast clouds
573,Zhangye,CN,38.9342,100.4517,64.38,58,100,12.57,overcast clouds
574,Pacific Grove,US,36.6177,-121.9166,61.25,91,100,14.0,overcast clouds
575,Poli,TZ,-3.3333,36.8,56.17,81,92,4.27,overcast clouds
576,Balabac,PH,7.9868,117.0645,85.93,64,63,5.68,broken clouds
577,Manacapuru,BR,-3.2997,-60.6206,76.01,88,49,3.89,scattered clouds
578,Gairo,IT,39.8497,9.5047,70.83,52,0,2.1,clear sky
579,Dasoguz,TM,41.8363,59.9666,100.15,11,0,8.61,clear sky
580,Chimbote,PE,-9.0853,-78.5783,61.2,84,59,10.69,broken clouds
581,Estelle,US,29.8458,-90.1067,82.4,82,0,3.44,clear sky
582,Sao Gabriel Da Cachoeira,BR,-0.1303,-67.0892,72.39,97,99,1.95,light rain
583,Debre Tabor,ET,11.85,38.0167,52.63,87,100,2.55,overcast clouds
584,Tyulgan,RU,52.3405,56.166,70.3,64,0,13.18,clear sky
585,Bileca,BA,42.8719,18.4297,66.09,45,0,4.56,clear sky
586,Mareeba,AU,-17.0,145.4333,74.44,61,1,9.57,clear sky
587,Nurobod,UZ,40.9056,69.8023,93.24,15,0,6.17,clear sky
588,Carroll,US,39.5501,-77.0164,72.54,85,56,1.01,broken clouds
589,Mangai,CD,-4.05,19.5333,74.05,63,59,0.58,broken clouds
590,Hasaki,JP,35.7333,140.8333,79.2,92,100,17.27,light rain
591,Orlik,RU,52.5178,99.825,60.46,47,48,2.24,light rain
592,Sisimiut,GL,66.9395,-53.6735,39.67,88,100,13.56,overcast clouds
593,Balkanabat,TM,39.5108,54.3671,90.82,38,0,7.52,clear sky
594,Ostrovnoy,RU,68.0531,39.5131,50.77,99,100,8.03,light rain
595,Souillac,MU,-20.5167,57.5167,71.56,70,83,15.32,broken clouds
596,Taoudenni,ML,22.6783,-3.9836,94.37,10,0,18.63,clear sky
597,Concepcion Del Oro,MX,24.6333,-101.4167,66.07,57,98,10.69,overcast clouds
598,Arequipa,PE,-16.3989,-71.535,52.86,32,0,5.44,clear sky
599,Mbekenyera,TZ,-10.0,38.9833,68.77,65,24,5.37,few clouds
600,Malakal,SS,9.5334,31.6605,72.36,82,99,1.01,overcast clouds
601,Pangnirtung,CA,66.1451,-65.7125,55.67,55,5,2.37,clear sky
602,Kuliyapitiya,LK,7.4688,80.0401,85.71,60,93,9.71,overcast clouds
603,Kloulklubed,PW,7.0419,134.2556,79.3,83,100,6.31,light rain
604,Kavieng,PG,-2.5744,150.7967,83.64,70,67,8.16,broken clouds
605,Yangambi,CD,0.8102,24.4336,71.8,92,99,2.59,overcast clouds
606,Freeport,US,40.6576,-73.5832,75.16,75,20,3.44,few clouds
607,Cooma,AU,-36.2333,149.1333,48.38,43,100,10.76,overcast clouds
608,Maragogi,BR,-9.0122,-35.2225,73.06,87,16,8.81,few clouds
609,Rio Gallegos,AR,-51.6226,-69.2181,28.45,86,0,18.41,clear sky
610,Ormara,PK,25.2088,64.6357,87.17,67,95,9.19,overcast clouds
611,Ereymentau,KZ,51.6199,73.1033,83.62,38,5,8.41,clear sky
612,Hamilton,US,39.1834,-84.5333,73.99,88,40,6.91,light rain
613,Makokou,GA,0.5738,12.8642,66.04,95,55,2.77,broken clouds
614,Atar,MR,20.5169,-13.0499,84.92,40,1,5.55,clear sky
615,Fallon,US,39.4735,-118.7774,84.07,28,75,16.11,broken clouds
616,Karema,TZ,-6.8205,30.4389,72.34,54,45,8.32,scattered clouds
617,Stantsionno-Oyashinskiy,RU,55.4664,83.8245,67.48,60,90,0.56,overcast clouds
618,Mayumba,GA,-3.432,10.6554,69.58,93,87,1.21,overcast clouds
619,Viedma,AR,-40.8135,-62.9967,44.67,76,100,13.91,overcast clouds
620,Yar-Sale,RU,66.8333,70.8333,66.51,43,34,10.96,scattered clouds
621,Kendari,ID,-3.945,122.4989,84.27,64,93,6.11,overcast clouds
622,San Juan De Abajo,MX,20.8167,-105.1833,80.67,89,40,5.75,scattered clouds
623,Ongandjera,NA,-17.8833,15.0667,52.99,39,0,10.07,clear sky
624,Guanica,PR,17.9716,-66.908,81.05,87,10,10.74,clear sky
625,Vostok,RU,46.4856,135.8833,68.49,71,100,4.83,heavy intensity rain
626,Devils Lake,US,48.1128,-98.8651,75.94,89,0,5.75,clear sky
627,Bati,ET,11.1833,40.0167,74.43,43,100,3.4,overcast clouds
628,Yumen,CN,40.2833,97.2,78.69,28,100,1.23,overcast clouds
629,Shimoda,JP,34.6667,138.95,77.36,96,100,5.23,heavy intensity rain
630,Vestmannaeyjar,IS,63.4427,-20.2734,53.11,91,100,17.4,overcast clouds
631,Lykhivka,UA,48.6874,33.9228,64.02,72,94,10.63,overcast clouds
632,Zhoucheng,CN,35.9122,116.3117,72.37,95,100,12.75,overcast clouds
633,Santiago De Cao,PE,-7.9589,-79.2392,60.93,82,100,10.36,mist
634,Santiago De Chuco,PE,-8.15,-78.1833,48.06,61,44,1.3,scattered clouds
635,Ascension,US,30.2169,-90.9001,79.05,96,0,0.0,clear sky
636,Puerto Carreno,CO,6.189,-67.4859,75.7,93,100,1.14,light rain
637,Butere,KE,0.2064,34.4935,62.82,89,100,2.84,overcast clouds
638,Camacha,PT,33.0833,-16.3333,65.62,77,75,8.05,broken clouds
639,Port Macquarie,AU,-31.4333,152.9167,64.89,48,100,5.84,overcast clouds
640,Guane,CU,22.2025,-84.0875,75.09,80,53,4.83,broken clouds
641,Iglesias,IT,39.3114,8.535,69.78,49,0,2.19,clear sky
642,Amahai,ID,-3.3333,128.9167,79.25,87,100,10.04,overcast clouds
643,Burnie,AU,-41.0667,145.9167,48.94,89,100,18.21,overcast clouds
644,Salinopolis,BR,-0.6136,-47.3561,76.19,89,18,9.04,few clouds
645,Nivala,FI,63.9167,24.9667,56.68,72,70,3.38,broken clouds
646,Tommot,RU,58.9564,126.2925,85.37,52,51,3.04,broken clouds
647,Taltal,CL,-25.4,-70.4833,53.58,71,28,3.15,scattered clouds
648,San Miguel,SV,13.4833,-88.1833,82.06,83,0,2.3,clear sky
649,Moussoro,TD,13.6408,16.4901,78.21,76,100,7.99,moderate rain
650,Acapulco,MX,16.8634,-99.8901,82.22,74,75,6.91,broken clouds
651,Lompoc,US,34.6391,-120.4579,62.74,90,100,8.05,overcast clouds
652,Mitu,CO,1.1983,-70.1733,69.78,98,99,0.85,overcast clouds
653,Ginir,ET,7.1333,40.7,60.44,77,74,11.21,broken clouds
654,Minsk,BY,53.9,27.5667,53.35,86,23,7.85,few clouds
655,Hongjiang,CN,27.11,109.9956,92.55,57,100,9.69,overcast clouds
656,San Joaquin,US,37.9333,-121.3011,82.65,38,0,9.22,clear sky
657,Carndonagh,IE,55.25,-7.2667,50.63,94,95,3.69,overcast clouds
658,Sens,FR,48.1667,3.3333,53.37,52,0,4.03,clear sky
659,Buriti Alegre,BR,-18.14,-49.0403,62.8,55,100,4.68,overcast clouds
660,Maniitsoq,GL,65.4167,-52.9,39.99,85,100,12.95,overcast clouds
661,Teya,RU,60.3778,92.6267,68.13,41,25,0.94,scattered clouds
662,Huarmey,PE,-10.0681,-78.1522,61.05,85,23,11.34,few clouds
663,Lata,PT,40.1629,-8.3327,63.95,81,65,0.85,broken clouds
664,Bogatyye Saby,RU,56.0102,50.4483,68.14,78,2,8.16,clear sky
665,Mayo,US,38.8876,-76.5119,76.26,89,0,3.44,clear sky
666,Suda,RU,59.1525,37.5582,59.11,81,11,7.05,few clouds
667,Xinyu,CN,27.8043,114.9334,98.38,46,100,6.67,overcast clouds
668,Kindu,CD,-2.95,25.95,71.51,76,69,1.41,broken clouds
669,Basti,IN,26.8,82.7167,102.0,33,6,15.19,clear sky
670,Zhigalovo,RU,54.8097,105.1578,58.28,90,100,3.65,light rain
671,Bluefield,US,37.2698,-81.2223,66.15,84,0,1.01,clear sky
672,San Policarpo,PH,12.1791,125.5072,85.24,69,59,6.85,broken clouds
673,Kalabo,ZM,-14.97,22.6814,48.61,62,3,6.02,clear sky
674,Nicoya,CR,10.1483,-85.452,73.53,89,20,1.81,few clouds
675,Chippewa Falls,US,44.9369,-91.3929,70.57,92,0,3.44,clear sky
676,Chanthaburi,TH,12.8333,102.1667,79.05,81,70,6.35,broken clouds
677,Moron,AR,-34.6534,-58.6198,52.02,86,80,8.57,broken clouds
678,Male,MV,4.1748,73.5089,82.42,74,42,8.46,scattered clouds
679,Villarrobledo,ES,39.2699,-2.6012,76.78,34,0,10.76,light rain
680,Grindavik,IS,63.8424,-22.4338,52.27,100,100,24.16,overcast clouds
681,Victor Harbor,AU,-35.5667,138.6167,53.01,87,54,1.99,light rain
682,Abu Samrah,SY,35.3029,37.1841,77.25,56,0,19.89,clear sky
683,Saint-Leu,RE,-21.15,55.2833,72.46,69,14,2.98,few clouds
684,Luwuk,ID,-0.9516,122.7875,78.35,89,100,6.91,overcast clouds
685,Hobyo,SO,5.3505,48.5268,79.48,63,100,23.91,overcast clouds
686,Agadez,NE,19.75,10.25,78.3,68,3,6.4,clear sky
687,Presidencia Roque Saenz Pena,AR,-26.7852,-60.4388,56.35,91,100,12.03,overcast clouds
688,Dodge City,US,37.7528,-100.0171,88.25,32,0,12.66,clear sky
689,Wajid,SO,3.8093,43.2471,73.26,68,52,19.77,broken clouds
690,Santiago,CL,-33.4569,-70.6483,42.55,87,40,6.91,scattered clouds
691,Namibe,AO,-15.1961,12.1522,66.43,82,0,6.06,clear sky
692,Benghazi,LY,32.1167,20.0667,77.02,65,0,9.86,clear sky
693,Khani,GE,41.9563,42.9566,62.17,69,4,3.47,clear sky
694,Mount Gambier,AU,-37.8333,140.7667,49.39,65,98,13.56,light rain
695,Tornio,FI,65.8481,24.1466,62.62,76,100,3.8,overcast clouds
696,Baykit,RU,61.67,96.37,65.61,54,79,1.7,broken clouds
697,Gao,ML,16.6362,1.637,87.48,47,89,15.28,overcast clouds
698,Caxito,AO,-8.5785,13.6643,64.53,98,20,2.33,few clouds
699,Carauari,BR,-4.8828,-66.8958,75.87,88,99,2.42,overcast clouds
700,Mukilteo,US,47.9445,-122.3046,69.93,66,75,0.0,broken clouds
701,Kemijarvi,FI,66.7131,27.4306,54.16,94,100,2.13,overcast clouds
702,Tignere,CM,7.3667,12.65,63.88,98,100,2.1,light rain
703,Glencoe,ZA,-28.1783,30.147,40.08,83,0,2.82,clear sky
704,Bolitoc,PH,15.7395,119.8769,84.38,79,95,7.29,overcast clouds
705,Yurla,RU,59.3259,54.3223,68.47,70,100,4.85,overcast clouds
